date,first_name,last_name,transaction_id,amount,currency
2020-10-08,Alyssa,Hourigan,1,553,USD
2021-01-10,Dale,Judye,2,474,USD
2020-02-27,Benita,Grosz,3,630,EUR
2021-10-02,Tracey,Lytton,4,633,EUR
2021-06-20,Estell,Eachern,5,564,USD
2021-06-20,Kellen,Boycey,6,726,EUR
2020-11-28,Juliane,Hartnett,7,776,USD
2020-10-05,Lolita,Secrest,8,261,EUR
2020-11-08,Collen,Leonard,9,980,USD
2021-02-17,Lila,Bryna,10,679,EUR
2020-07-04,Marcelline,Phaidra,11,895,EUR
2021-05-09,Basia,Mata,12,213,EUR
2020-10-17,Tarra,Beniamino,13,579,EUR
2021-05-23,Ketti,Mendez,14,608,USD
2021-12-20,Emma,Garek,15,242,USD
2021-05-11,Nerta,Louanna,16,406,USD
2020-07-14,Corry,Gemini,17,987,EUR
2020-06-10,Dulcinea,Monk,18,637,USD
2021-02-08,Ofilia,Loeb,19,747,EUR
2021-11-22,Rani,Yam,20,653,EUR
2021-04-21,Sindee,Holbrook,21,545,USD
2020-09-08,Nonnah,Paton,22,506,EUR
2020-12-04,Paola,Teryn,23,861,USD
2020-06-29,Tarra,Kare,24,461,USD
2020-01-01,Cassandra,Charmine,25,489,USD
2021-05-21,Ada,Henebry,26,655,EUR
2021-05-01,Delilah,Raimondo,27,518,EUR
2021-07-09,Jacquetta,Craggie,28,824,EUR
2021-08-22,Dale,Gaspard,29,210,EUR
2020-08-02,Gerrie,Pandolfi,30,588,USD
2020-09-27,Jenda,Boycey,31,815,EUR
2020-11-17,Gavrielle,Kussell,32,967,USD
2021-09-04,Kathi,Iiette,33,953,USD
2020-05-30,Tonia,Fitzsimmons,34,323,EUR
2020-02-24,Neila,Brodench,35,711,EUR
2021-11-01,Drucie,Margret,36,895,USD
2020-12-24,Emelina,Marcellus,37,943,USD
2020-08-25,Lanna,Zenas,38,923,EUR
2021-12-04,Collen,Pauly,39,495,EUR
2021-04-15,Tani,Brian,40,814,EUR
2020-06-18,Britni,MacIntosh,41,462,USD
2020-10-27,Nadine,Jary,42,529,USD
2020-03-13,Gaylene,Raychel,43,645,USD
2021-02-15,Stevana,Robertson,44,413,EUR
2021-09-04,Layla,Lay,45,232,USD
2020-12-05,Jolyn,Strephon,46,248,USD
2021-05-07,Xylina,Devlen,47,864,USD
2021-06-10,Rivalee,Stuart,48,654,USD
2020-05-26,Hollie,Connelly,49,248,EUR
2021-03-26,Mathilda,Hazlett,50,409,EUR
2021-07-02,Zaria,Chabot,51,232,USD
2020-07-03,Dawn,Kussell,52,740,EUR
2020-03-05,Kelly,Malvino,53,218,EUR
2020-10-07,Esmeralda,Posner,54,332,EUR
2020-10-26,Berget,Hedve,55,264,EUR
2021-04-01,Sadie,Harday,56,685,USD
2020-10-31,Sallie,Jillane,57,436,USD
2021-04-29,Carilyn,Pernick,58,454,EUR
2021-10-19,Felice,Korey,59,828,USD
2020-02-14,Rosabelle,Couture,60,407,EUR
2021-12-11,Shandie,Connelly,61,934,EUR
2021-05-06,Mariann,Timon,62,522,EUR
2020-04-22,Carolina,Cohdwell,63,323,USD
2020-10-13,Barbi,Kermit,64,420,EUR
2020-01-25,Suzette,Wildermuth,65,471,EUR
2021-09-30,Hannis,Tatianas,66,186,USD
2021-09-03,Johna,Anis,67,490,EUR
2020-08-21,Nanete,Rodmann,68,897,USD
2020-04-03,Yetty,Anestassia,69,725,EUR
2021-09-15,Gusella,Kazimir,70,357,EUR
2021-02-06,Karena,Graig,71,778,EUR
2021-01-13,Frances,Persse,72,671,EUR
2021-02-11,Giustina,Kinnard,73,250,USD
2021-08-29,Jeanna,Hourigan,74,894,EUR
2021-04-02,Calla,August,75,612,USD
2020-03-20,Roseline,Gemini,76,549,EUR
2020-07-27,Lorie,Kimmie,77,552,USD
2020-07-07,Bertine,Ephrem,78,642,EUR
2020-04-07,Correy,Merat,79,464,EUR
2020-12-09,Fina,Lattie,80,373,EUR
2021-07-28,Violet,Cottle,81,674,USD
2020-04-19,Lorne,Narton,82,168,USD
2020-01-28,Siana,Kristi,83,928,EUR
2020-10-28,Kerrin,Sandye,84,695,USD
2021-04-15,Nariko,Milde,85,583,USD
2021-04-23,Adelle,Jeanne,86,870,EUR
2021-03-06,Elka,Francene,87,323,EUR
2020-09-10,Brana,Gualtiero,88,494,USD
2021-08-01,Asia,Corabella,89,782,EUR
2021-02-16,Marnia,Sinegold,90,149,EUR
2020-12-11,Mary,Kimmie,91,357,USD
2020-02-10,Marsiella,Palocz,92,509,EUR
2020-11-28,Roxane,Colp,93,859,USD
2020-10-21,Fanchon,Chaing,94,321,USD
2021-06-15,Pierette,Joseph,95,528,USD
2021-12-16,Cecile,Middleton,96,939,USD
2021-06-09,Dode,Fairweather,97,123,EUR
2020-01-25,Krystle,Naor,98,854,EUR
2021-09-10,Emmey,Winnick,99,909,USD
2021-10-17,Chandra,Japeth,100,288,USD
2021-05-08,Chere,Markman,101,651,EUR
2020-02-04,Bobbi,Hull,102,425,USD
2021-10-30,Barbara,Ries,103,170,EUR
2021-06-10,Tabbatha,Marijo,104,116,USD
2020-10-16,Yvonne,Vharat,105,563,USD
2020-03-27,Shaylyn,Marisa,106,612,EUR
2021-08-20,Averyl,Friede,107,635,EUR
2020-11-06,Rosaline,Desai,108,537,EUR
2021-09-21,Sabina,Zenas,109,880,USD
2020-03-25,Blinni,Ludewig,110,633,USD
2021-03-16,Angelique,Bivins,111,618,USD
2021-08-06,Margarette,Dulciana,112,915,EUR
2020-11-06,Gianina,Baudin,113,577,EUR
2020-11-17,Tilly,Zamora,114,287,USD
2020-04-07,Josephine,Bari,115,284,USD
2021-10-08,Ermengarde,Sikorski,116,740,USD
2021-07-02,Deedee,Krystle,117,231,USD
2021-06-12,Lonnie,Craggie,118,972,USD
2020-06-13,Aurelie,Delila,119,444,EUR
2021-10-26,Krystle,Pyle,120,148,EUR
2020-08-16,Chrystel,Yoko,121,742,EUR
2020-08-02,Moyna,Bohlin,122,226,EUR
2021-06-09,Minne,Soneson,123,800,USD
2021-02-10,Melanie,Gemini,124,891,EUR
2020-10-02,Kylynn,Pascia,125,204,EUR
2020-09-18,Arlena,Slifka,126,769,EUR
2020-04-23,Bernardine,Secrest,127,796,EUR
2021-01-05,Pollyanna,Tiffa,128,906,USD
2020-02-08,Meghann,Lacombe,129,415,EUR
2020-07-02,Lily,Shaver,130,788,USD
2021-03-18,Morganica,Constancy,131,261,EUR
2020-08-31,Christian,LaRue,132,679,EUR
2021-10-24,Fred,Letsou,133,648,EUR
2021-11-18,Rayna,Maribeth,134,912,EUR
2020-04-17,Nariko,Charity,135,145,EUR
2021-12-05,Odessa,Anderea,136,401,USD
2020-06-10,Ketti,Vins,137,573,USD
2021-07-14,Pollyanna,Kimmie,138,774,EUR
2020-02-24,Sean,Sparhawk,139,884,EUR
2020-04-09,Luci,Arne,140,717,EUR
2020-07-09,Esmeralda,Aloise,141,485,USD
2020-06-06,Elbertina,Zrike,142,766,EUR
2021-04-14,Philis,Saint,143,857,EUR
2021-04-26,Lenna,Gower,144,750,USD
2020-12-30,Layla,Codding,145,111,USD
2021-10-03,Peri,Gaynor,146,213,USD
2021-01-04,Eolanda,Nikaniki,147,933,USD
2020-05-09,Darci,Nore,148,450,USD
2021-06-10,Charlena,Ophelia,149,886,USD
2020-05-25,Nariko,Riva,150,867,USD
2020-02-20,Binny,Han,151,649,USD
2021-04-07,Minda,Minetta,152,831,EUR
2020-04-14,Christian,Edvard,153,131,USD
2021-04-27,Ulrike,Saunderson,154,232,EUR
2021-05-06,Cindelyn,Wilkinson,155,542,USD
2021-11-10,Carlie,Kiyoshi,156,283,USD
2021-02-20,Julieta,Valoniah,157,181,USD
2020-01-09,Pearline,Hoenack,158,293,EUR
2020-03-14,Pamella,Ries,159,364,USD
2020-01-28,Lynde,Hull,160,487,USD
2021-05-27,Maye,Lorenz,161,711,USD
2020-10-18,Modestia,Janith,162,939,EUR
2020-11-28,Marjie,Winthorpe,163,860,EUR
2021-07-21,Deedee,Rubie,164,428,EUR
2021-05-08,Belinda,Shirberg,165,776,USD
2021-11-12,Jorry,Bronk,166,910,USD
2020-12-18,Nickie,Vastah,167,476,USD
2021-05-03,Kathy,Sancho,168,952,EUR
2021-05-10,Ardenia,Granoff,169,955,EUR
2020-10-12,Tori,Cutlerr,170,720,USD
2020-09-13,Luci,Zina,171,263,EUR
2021-03-05,Taffy,Celestine,172,132,EUR
2020-10-29,Magdalena,Chinua,173,642,USD
2021-12-19,Lorne,Candy,174,707,EUR
2021-12-17,Helsa,Bollay,175,218,USD
2020-04-01,Alyda,Schlosser,176,369,USD
2021-03-23,Phylis,Colbert,177,711,USD
2020-12-05,Cacilie,Karylin,178,758,USD
2020-09-28,Sallie,Dannye,179,121,EUR
2021-03-10,Sybille,Malina,180,987,USD
2021-08-26,Kamilah,Stuart,181,649,EUR
2020-11-18,Lucille,Kenney,182,917,EUR
2021-10-05,Tina,Katrine,183,949,EUR
2021-04-20,Aaren,Kirstin,184,130,USD
2020-05-12,Gretal,Silvan,185,798,USD
2020-04-12,Pearline,Joli,186,998,EUR
2021-10-21,Nickie,Vorster,187,420,EUR
2020-01-02,Leanna,Vivle,188,417,EUR
2021-07-02,Evita,Anis,189,418,USD
2020-07-30,Audrie,Georas,190,179,EUR
2021-01-08,Courtnay,Baptlsta,191,989,EUR
2020-07-04,Dianemarie,Brodench,192,958,USD
2020-11-18,Lindie,Whiffen,193,381,EUR
2021-08-13,Dominga,Clara,194,269,EUR
2021-12-25,Fina,Marlie,195,116,EUR
2020-09-20,Kara-Lynn,Leffen,196,309,USD
2020-01-20,Ethel,Jess,197,774,EUR
2020-09-28,Demetris,Imelida,198,834,USD
2020-03-30,Tabbatha,Borrell,199,616,USD
2021-10-05,Renae,Shirberg,200,328,EUR
2020-07-02,Leanna,Brenn,201,217,USD
2020-09-13,Ernesta,Carri,202,985,USD
2021-10-06,Farrah,Cassius,203,114,USD
2021-08-13,Sissy,Darbie,204,617,EUR
2020-05-23,Keelia,Sinegold,205,430,EUR
2020-01-17,Carly,Girardo,206,945,USD
2020-04-19,Cathyleen,Whiffen,207,670,USD
2020-06-19,Elise,Middleton,208,977,EUR
2021-09-26,Ruthe,Melony,209,639,USD
2020-10-22,Meg,Hutchison,210,773,USD
2021-12-13,Elise,Ade,211,132,USD
2021-10-20,Gwyneth,Giff,212,462,EUR
2021-12-09,Tami,Bergman,213,190,USD
2020-06-22,Kenna,Othilia,214,229,USD
2020-02-22,Dode,Plato,215,998,EUR
2020-05-27,Doralynne,Bandeen,216,417,USD
2020-04-14,Nataline,Melleta,217,853,USD
2021-07-20,Cathyleen,Morrill,218,912,EUR
2021-05-19,Kathi,Meli,219,878,USD
2021-08-30,Cyndie,Oscar,220,625,EUR
2020-08-08,Blondelle,Joachim,221,872,EUR
2020-08-06,Jessamyn,Remmer,222,221,EUR
2021-11-13,Mureil,Irmine,223,128,EUR
2021-03-19,Teriann,Marsden,224,361,EUR
2020-02-03,Thalia,Gaulin,225,191,USD
2021-02-03,Tera,Bettine,226,209,EUR
2021-11-09,Paulita,Maisey,227,445,USD
2021-08-02,Ginnie,Etom,228,694,EUR
2021-03-02,Chickie,Fry,229,232,EUR
2020-03-13,Sissy,Uund,230,175,USD
2020-12-28,Marika,Nester,231,123,USD
2021-03-17,Imojean,Marlie,232,516,USD
2020-07-24,Theodora,Seagraves,233,818,EUR
2021-05-08,Marsiella,Fink,234,475,EUR
2020-12-22,Reeba,Roxanna,235,463,USD
2021-12-21,Annecorinne,Gower,236,341,EUR
2021-01-18,Kerrin,Orelee,237,276,USD
2021-08-23,Sashenka,Hedve,238,439,USD
2020-08-09,Marti,Audly,239,511,USD
2021-11-11,Juliane,Yusuk,240,408,EUR
2020-09-25,Kamilah,Iphlgenia,241,343,EUR
2020-07-28,Theodora,Irmine,242,644,USD
2021-07-07,Edyth,Rheingold,243,857,EUR
2021-04-24,Kimmy,Monaco,244,431,USD
2020-12-16,Chloris,Philoo,245,205,EUR
2020-05-05,Angela,Colbert,246,448,USD
2020-06-07,Jacenta,Rona,247,682,USD
2020-06-06,Blondelle,Cadmar,248,613,USD
2021-08-15,Sibella,Sholley,249,712,USD
2021-05-24,Viki,McLaughlin,250,602,EUR
2021-12-28,Flo,Hilbert,251,488,EUR
2020-02-12,Judy,Randene,252,340,USD
2020-10-01,Amalie,Annice,253,607,USD
2021-05-24,Carly,Tybald,254,378,USD
2021-03-17,Jasmina,Jefferey,255,236,USD
2021-04-29,Susette,Eldrid,256,780,USD
2021-12-15,Ashlee,Skell,257,735,USD
2020-09-21,Marti,Edison,258,410,USD
2020-08-29,Aili,Tufts,259,590,EUR
2020-08-08,Barbi,Laurianne,260,120,USD
2021-05-24,Collen,Alejoa,261,763,EUR
2021-11-10,Mellicent,Havens,262,149,USD
2021-06-15,Cordi,Xerxes,263,713,EUR
2021-11-06,Carol-Jean,Therine,264,599,EUR
2021-03-29,Ekaterina,Reidar,265,935,EUR
2020-05-02,Hettie,Erskine,266,946,USD
2020-04-17,Berta,Maxi,267,133,EUR
2021-12-27,Imojean,Bohlin,268,526,EUR
2021-10-20,Elvira,Wenda,269,164,USD
2021-08-14,Flory,Lipson,270,638,EUR
2020-10-31,Sidoney,Meli,271,607,USD
2020-11-05,Blake,Macey,272,272,USD
2020-10-23,Madelle,Rurik,273,553,EUR
2021-11-10,Leona,Bennie,274,566,EUR
2020-02-02,Latisha,Burch,275,357,USD
2021-04-17,Sara-Ann,Robertson,276,836,USD
2020-01-15,Maridel,Libna,277,143,EUR
2020-01-30,Jere,Tomasina,278,993,USD
2020-05-19,Jasmina,Sherrie,279,385,USD
2021-05-03,Elsie,Peti,280,466,USD
2021-03-28,Winifred,Hilbert,281,941,USD
2020-10-24,Leona,MacIntosh,282,276,EUR
2020-05-20,Juliane,Zenas,283,793,EUR
2021-06-01,Tami,Winthorpe,284,906,EUR
2021-07-22,Kara-Lynn,Berriman,285,136,USD
2021-09-24,Hollie,Colp,286,600,EUR
2021-03-25,Mathilda,Harday,287,159,EUR
2020-08-07,Robinia,Regan,288,143,USD
2021-10-26,Tarra,Lytton,289,819,USD
2021-08-02,Nadine,Jary,290,327,EUR
2021-11-14,Tori,Viddah,291,832,EUR
2020-10-08,Cassandra,Gaspard,292,354,EUR
2021-02-27,Danny,Granoff,293,620,USD
2021-08-21,Tersina,Woodberry,294,858,EUR
2021-09-28,Belinda,Jagir,295,241,USD
2020-08-17,Zia,Belldas,296,347,EUR
2021-09-09,Myriam,Cadmar,297,259,USD
2020-03-19,Dorice,Leffen,298,552,USD
2021-11-29,Kore,Schenck,299,322,EUR
2021-11-03,Madelle,Syd,300,572,EUR
2021-05-10,Caressa,Margarete,301,197,USD
2021-03-09,Rozele,Therine,302,426,EUR
2020-06-21,Deirdre,Lanita,303,411,USD
2020-05-19,Estell,Adalbert,304,617,USD
2021-06-18,Hannis,Norrie,305,810,EUR
2020-09-20,Babita,Brady,306,268,EUR
2020-09-25,Kara-Lynn,Whiffen,307,919,USD
2020-10-12,Nickie,Harl,308,878,USD
2020-01-11,Sheree,Persse,309,802,USD
2020-02-22,Gilda,Ahab,310,550,USD
2021-04-24,Lacie,Gaynor,311,228,USD
2021-04-21,Joane,Hunfredo,312,906,EUR
2020-08-05,Dotty,Elbertina,313,833,EUR
2020-04-25,Edyth,Gibbeon,314,824,USD
2021-06-14,Arlena,Sibyls,315,146,USD
2021-08-05,Gaylene,Lowry,316,512,EUR
2020-02-28,Lonnie,Uund,317,428,USD
2021-02-21,Claresta,Solitta,318,601,EUR
2021-03-01,Caryl,Armanda,319,213,EUR
2021-08-28,Misha,Seligman,320,897,EUR
2020-11-15,Nerta,Standing,321,980,USD
2021-08-05,Genovera,Susannah,322,666,EUR
2020-12-29,Hallie,Arvo,323,222,EUR
2020-07-08,Lolita,Mike,324,654,USD
2021-10-25,Anestassia,Audly,325,280,USD
2020-11-15,Minda,Barney,326,620,EUR
2021-10-20,Ofilia,Ciapas,327,972,EUR
2020-06-23,Eve,Malvino,328,997,EUR
2020-03-15,Di,Rad,329,767,EUR
2020-04-27,Louella,Wind,330,817,USD
2020-10-23,Darci,Roumell,331,793,EUR
2021-11-27,Cam,Ulphia,332,365,EUR
2021-04-12,Silvana,Alisia,333,705,EUR
2020-11-22,Anthia,Ciro,334,515,EUR
2020-10-07,Jaclyn,Doig,335,275,USD
2021-04-13,Vinita,Leler,336,745,EUR
2021-03-01,Consuela,Linskey,337,330,USD
2020-12-17,Trudie,Egbert,338,931,EUR
2020-08-01,Marcy,Merat,339,283,EUR
2021-03-25,Georgina,McClimans,340,870,USD
2021-03-02,Sara-Ann,Ellerey,341,646,USD
2021-09-10,Paule,McCutcheon,342,224,EUR
2020-02-09,Carmencita,Bivins,343,855,EUR
2021-11-17,Cassandra,Oster,344,880,EUR
2021-03-24,Anthia,Gavrila,345,136,EUR
2021-09-14,Tamqrah,Gilbertson,346,425,EUR
2021-11-04,Karena,Sabella,347,983,EUR
2020-12-27,Elsie,Ambrosia,348,188,USD
2020-02-27,Ricky,Zrike,349,287,EUR
2021-12-13,Donetta,Darrell,350,265,EUR
2021-06-03,Jenda,Bergman,351,618,USD
2021-12-26,Ada,Audly,352,700,USD
2021-07-30,Flory,Cloris,353,268,USD
2021-03-05,Georgetta,Blisse,354,447,USD
2020-05-07,Bee,Suanne,355,675,USD
2021-10-19,Ruthe,Maurine,356,777,USD
2021-07-21,Petronia,Carey,357,167,EUR
2021-11-21,Genovera,Agle,358,293,USD
2021-04-15,Raina,Judye,359,618,USD
2021-05-02,Starla,Sandye,360,704,EUR
2021-05-13,Elmira,Erminia,361,225,EUR
2020-02-29,Brooks,Maxi,362,812,USD
2021-12-13,Madelle,Lane,363,909,USD
2020-04-04,Annice,Elisha,364,245,USD
2021-10-31,Meriel,Cleavland,365,640,EUR
2021-12-04,Althea,Dorothy,366,340,USD
2021-08-13,Cathie,Fosque,367,694,USD
2020-12-20,Molli,Arley,368,376,EUR
2021-01-24,Rozele,Xerxes,369,398,USD
2020-03-23,Gavrielle,Sabella,370,336,USD
2021-12-10,Suzette,Stefa,371,469,USD
2021-11-06,Nanete,Merell,372,785,EUR
2020-07-31,Marcy,Skurnik,373,815,EUR
2021-09-03,Rebeca,Couture,374,941,USD
2020-12-20,Britte,Levey,375,917,USD
2020-05-18,Layla,Odell,376,623,EUR
2021-06-05,Hallie,Hazlett,377,552,EUR
2020-03-27,Alia,Vary,378,598,EUR
2020-06-05,Katuscha,Israeli,379,115,USD
2020-08-06,Alyssa,Tippets,380,766,EUR
2020-11-23,Malina,Pillsbury,381,890,USD
2021-03-06,Dyann,Warthman,382,835,EUR
2021-04-13,Daphne,Daniele,383,111,USD
2020-12-21,Goldie,Hollingsworth,384,225,EUR
2020-02-07,Fayre,Serilda,385,223,USD
2020-11-18,Dode,Curren,386,212,EUR
2020-10-19,Augustine,Dimitris,387,859,USD
2021-10-31,Benita,Karna,388,814,EUR
2020-07-15,Nariko,Jacqui,389,124,USD
2021-07-18,Thalia,Rossner,390,120,EUR
2020-05-20,Paola,Suanne,391,900,USD
2020-09-20,Cristabel,Knowling,392,825,USD
2020-06-26,Yetty,Berard,393,926,EUR
2021-11-05,Adriana,Kylander,394,220,USD
2020-02-16,Ardys,Bohlin,395,977,USD
2020-05-19,Jerry,Geffner,396,477,USD
2021-12-24,Jaclyn,Posner,397,392,USD
2020-06-14,Corene,Idelia,398,169,EUR
2020-09-29,Ethel,Hortensia,399,674,USD
2021-10-31,Marsiella,Fiann,400,357,USD
2020-12-31,Beatriz,Mintz,401,322,USD
2021-07-25,Olivette,Swanhildas,402,509,USD
2021-09-24,Clarice,Wind,403,597,EUR
2020-08-16,Lenna,Kaja,404,495,USD
2020-12-22,Carree,Mallon,405,664,EUR
2020-09-17,Dania,Read,406,448,USD
2020-07-06,Mildrid,Fontana,407,588,EUR
2021-05-12,Blake,Means,408,661,USD
2021-12-12,Atlanta,Dreda,409,591,EUR
2021-09-09,Alejandra,Lasley,410,419,EUR
2021-06-17,Robinia,Burch,411,311,EUR
2020-09-25,Leeanne,Khorma,412,523,EUR
2020-11-10,Jennica,Tillford,413,734,USD
2021-03-25,Jenda,Auberbach,414,250,EUR
2021-12-14,Doro,Othilia,415,239,EUR
2020-03-01,Nanete,Tannie,416,214,EUR
2021-12-15,Adele,Isidore,417,827,USD
2021-11-14,Kary,Toffic,418,661,EUR
2020-11-11,Coral,Travax,419,353,USD
2020-06-06,Jsandye,Libna,420,700,EUR
2020-04-01,Ofilia,Winnick,421,399,EUR
2020-05-07,Zsa Zsa,Jehu,422,875,EUR
2021-03-09,Robbi,Raseda,423,325,EUR
2020-05-01,Clementine,Rhu,424,590,EUR
2021-02-24,Joane,Cherianne,425,104,USD
2020-03-30,Merry,Belldas,426,254,EUR
2020-09-27,Fina,Greyson,427,759,USD
2020-02-29,Zondra,Mich,428,432,EUR
2020-01-08,Elka,Yate,429,632,USD
2020-02-21,Nataline,Docilla,430,174,USD
2020-12-27,Tobe,Sacken,431,321,EUR
2021-07-28,Johna,Jeanne,432,692,EUR
2021-06-15,Joleen,Helve,433,263,USD
2020-06-16,Tybie,Jalbert,434,675,EUR
2021-11-25,Kittie,Jacinda,435,526,EUR
2021-01-23,Hayley,Rossner,436,153,USD
2021-08-27,Elena,Stover,437,428,USD
2020-10-31,Claudina,Rebecka,438,464,USD
2021-03-07,Marti,Zitvaa,439,105,USD
2020-11-07,Lucy,Thar,440,624,USD
2021-12-22,Lynea,Claudine,441,399,USD
2021-02-21,Mamie,Frendel,442,993,USD
2020-04-26,Caressa,Allys,443,760,USD
2020-03-16,Linzy,Alice,444,175,EUR
2021-07-24,Caryl,Mozelle,445,605,EUR
2021-02-01,Ethel,Tengdin,446,164,USD
2021-09-11,Gretal,Peg,447,540,USD
2021-06-24,Ayn,Diogenes,448,631,EUR
2020-03-30,Eolanda,Oneida,449,312,USD
2020-02-23,Lorenza,Ingra,450,733,USD
2021-12-22,Amelia,Harday,451,402,USD
2020-05-05,Jillayne,Edee,452,768,USD
2021-05-12,Fanny,Sisile,453,126,USD
2020-02-27,Ezmeralda,McCutcheon,454,869,EUR
2021-09-19,Sam,Vharat,455,557,EUR
2020-01-24,Gerianna,Jalbert,456,479,USD
2020-04-16,Dede,Pauly,457,886,EUR
2021-03-12,Ermengarde,Trey,458,686,USD
2021-08-18,Oralee,Madelene,459,394,USD
2020-09-09,Kristina,Sikorski,460,843,EUR
2020-08-13,Talya,Argus,461,412,USD
2021-06-29,Stacey,Pitt,462,275,EUR
2020-07-11,Leanna,Lewes,463,482,EUR
2021-01-19,Cassandra,Schwejda,464,696,EUR
2021-04-08,Linzy,Margarete,465,496,EUR
2021-01-04,Katleen,McLaughlin,466,783,USD
2021-01-10,Molli,Manolo,467,912,USD
2021-10-31,Philis,Saunderson,468,684,USD
2021-12-28,Ivett,Kirbee,469,765,USD
2021-07-04,Augustine,Richers,470,583,USD
2020-04-01,Jasmina,Stilwell,471,324,USD
2020-03-30,Kathi,Salvidor,472,800,EUR
2021-07-04,Andree,Hepsibah,473,348,USD
2021-12-05,Roberta,Arvo,474,826,USD
2020-06-09,Jorry,Mata,475,895,EUR
2020-08-21,Hettie,Rugen,476,375,EUR
2020-04-19,Binny,Ambrosia,477,953,USD
2021-10-23,Lorne,Wilona,478,817,EUR
2021-11-07,Joane,Goldina,479,946,USD
2020-01-29,Kirbee,Raseda,480,827,EUR
2021-01-18,Rosaline,Wooster,481,807,EUR
2021-06-01,Belinda,Bakerman,482,118,EUR
2021-02-19,Antonietta,Kare,483,672,USD
2020-03-12,Ann-Marie,Lewes,484,719,USD
2021-05-10,Babita,Hathaway,485,926,USD
2021-10-14,Coral,Codding,486,628,USD
2020-04-29,Adele,Kendrick,487,173,EUR
2021-01-02,Wynne,Beebe,488,141,USD
2020-04-28,Meriel,Markman,489,971,USD
2020-07-20,Karlee,Angelis,490,204,USD
2021-01-01,Lanna,Goddard,491,274,EUR
2021-08-19,Cathie,Autrey,492,158,USD
2020-02-01,Lenna,Destinee,493,550,EUR
2021-03-27,Kaja,Gordon,494,754,USD
2020-12-25,Claresta,Guildroy,495,595,EUR
2021-12-27,Gilligan,Sperling,496,824,USD
2021-07-05,Arlena,Lucienne,497,432,EUR
2020-10-25,Maurene,Darian,498,991,EUR
2020-11-05,Rhoda,Gamaliel,499,644,EUR
2020-05-15,Dulcinea,Imelida,500,536,EUR
2021-04-20,Suzette,Lewes,501,124,USD
2020-08-31,Gisela,Fink,502,898,USD
2020-02-04,Dagmar,Ioab,503,865,USD
2020-07-03,Kelly,Trinetta,504,309,USD
2021-11-13,Merrie,Freddi,505,144,EUR
2020-05-16,Bernardine,O'Neill,506,498,USD
2020-09-26,Dania,Madox,507,970,EUR
2020-05-06,Orsola,Fabiola,508,750,EUR
2020-09-26,Caressa,Oscar,509,779,USD
2021-10-13,Genevra,Odysseus,510,735,USD
2020-08-10,Kittie,Haldas,511,250,USD
2021-12-14,Katuscha,Craggie,512,460,USD
2020-04-15,Rivalee,Sheng,513,801,USD
2020-07-06,Sabina,Cherianne,514,911,EUR
2020-03-06,Taffy,Tufts,515,128,EUR
2020-01-17,Ricky,Birdella,516,785,USD
2020-09-12,Miquela,Deny,517,647,USD
2021-02-13,Ira,Marden,518,544,EUR
2021-02-17,Cassondra,Catie,519,720,EUR
2020-07-18,Viviene,Bates,520,407,EUR
2020-05-15,Bibby,Anton,521,147,USD
2021-02-14,Adriana,Goth,522,492,EUR
2021-05-13,Danny,Riva,523,869,EUR
2020-10-25,Queenie,Ochs,524,717,EUR
2020-03-21,Randa,Sholley,525,460,USD
2021-01-17,Fanny,Ashok,526,229,EUR
2020-07-31,Evita,Teryn,527,382,EUR
2021-05-06,Chandra,Hilbert,528,525,EUR
2020-04-19,Adore,Rugen,529,963,EUR
2021-05-13,Bee,Kravits,530,453,EUR
2020-07-31,Helena,Bibi,531,674,USD
2021-06-10,Dode,Miru,532,996,USD
2021-03-14,Lory,Tayib,533,829,EUR
2021-05-30,Janenna,Llovera,534,393,USD
2020-10-15,Lucy,Gemini,535,315,EUR
2020-01-05,Barbi,Sheedy,536,298,EUR
2020-03-15,Janeczka,Barbey,537,129,EUR
2021-11-06,Cacilie,Hathaway,538,781,EUR
2021-09-23,Bibby,Judye,539,281,USD
2020-08-29,Carmencita,Lia,540,211,EUR
2020-01-29,Kamilah,Llovera,541,496,USD
2021-10-01,Rivalee,Bord,542,203,EUR
2020-04-05,Donnie,Vastah,543,671,USD
2021-09-13,Marsiella,Suanne,544,443,USD
2021-04-13,Dorthy,Azeria,545,819,USD
2020-12-24,Brianna,Bakerman,546,996,USD
2021-05-06,Olivette,Autrey,547,603,USD
2021-06-11,Kate,Bluh,548,413,USD
2020-08-19,Kimberley,Justinn,549,208,USD
2020-05-28,Joane,Ade,550,813,USD
2021-04-06,Susette,Niles,551,833,USD
2020-09-11,Lanna,Rillings,552,295,USD
2020-05-10,Gerrie,Ochs,553,268,USD
2021-11-07,Vevay,O'Rourke,554,894,EUR
2021-04-18,Janey,Rosalba,555,110,EUR
2020-02-26,Ernesta,Toffic,556,590,EUR
2020-09-12,Valera,Dermott,557,984,USD
2020-03-17,Steffane,Lowry,558,771,USD
2021-09-11,Malina,Brandice,559,801,USD
2020-11-02,Teddie,Wattenberg,560,876,EUR
2020-03-20,Beth,Yoko,561,480,USD
2020-09-27,Natka,Valoniah,562,473,USD
2021-01-08,Ashlee,McGrody,563,134,USD
2020-04-29,June,Huggins,564,567,EUR
2020-02-24,Tiffie,Liebermann,565,702,EUR
2021-05-22,Jacquetta,Corabella,566,682,EUR
2020-12-07,Lusa,Lea,567,766,EUR
2021-05-06,Gwyneth,Rossner,568,994,USD
2020-11-05,Damaris,Glenden,569,121,EUR
2021-07-28,Orsola,Gombach,570,896,USD
2021-02-20,Florencia,Kamaria,571,316,EUR
2021-10-18,Annecorinne,Wenoa,572,543,EUR
2020-07-26,Augustine,Tufts,573,316,EUR
2021-02-10,Esmeralda,Jefferey,574,637,EUR
2020-05-19,Addia,Reneta,575,959,EUR
2021-02-01,Theodora,Maisey,576,424,EUR
2020-10-13,Pearline,Llovera,577,197,USD
2020-07-02,Glynnis,Clarissa,578,132,EUR
2021-09-10,Anestassia,Isidore,579,490,USD
2021-07-28,Cam,Monk,580,921,EUR
2021-04-11,Clary,Adore,581,783,EUR
2020-06-22,Lucy,Faust,582,1000,EUR
2020-09-08,Cyndie,Fadiman,583,994,USD
2021-05-03,Kristina,Chabot,584,528,USD
2020-07-26,Lusa,Pacorro,585,174,USD
2020-05-02,Sonni,Ashely,586,832,USD
2020-03-26,Danika,Serilda,587,609,USD
2020-12-26,Chastity,Cookie,588,501,EUR
2021-02-15,Gaylene,Roxanna,589,761,USD
2021-09-08,Emelina,Seumas,590,940,USD
2020-12-14,Joy,Chick,591,734,EUR
2020-01-24,Vevay,Joseph,592,626,USD
2021-01-05,Flo,Weinreb,593,814,USD
2021-04-29,Myriam,Morrill,594,369,USD
2021-07-12,Pollyanna,Shama,595,774,EUR
2020-10-20,Lila,Sundin,596,323,USD
2021-01-08,Ardenia,Soneson,597,519,EUR
2020-07-28,Jaclyn,Valerio,598,183,USD
2021-01-06,Ursulina,Cecile,599,934,USD
2020-03-14,Loree,Llovera,600,105,EUR
2020-07-18,Harrietta,Kathie,601,330,EUR
2021-11-24,Theodora,Kirstin,602,993,EUR
2020-01-30,Cecile,Annice,603,380,USD
2020-12-26,Giustina,Fairweather,604,157,EUR
2020-01-16,Adriana,Vernier,605,527,EUR
2021-08-22,Lacie,Earlie,606,402,USD
2021-04-15,Camile,Gabrielli,607,485,USD
2021-03-26,Tybie,Hirsch,608,828,USD
2020-02-12,Netty,Skurnik,609,821,EUR
2020-06-19,Kaia,Killigrew,610,700,USD
2021-03-31,Karly,Tomasina,611,212,EUR
2021-08-05,Alyda,Sparhawk,612,912,EUR
2020-07-02,Catharine,Love,613,932,EUR
2020-05-11,Kalina,Chrystel,614,595,USD
2021-05-04,Lindie,Emerson,615,474,USD
2020-08-16,Ericka,Giule,616,449,USD
2021-05-08,Reeba,Georgy,617,944,EUR
2021-06-29,Henriette,Bevin,618,168,USD
2020-08-16,Marti,Wallis,619,214,EUR
2021-04-28,Glenda,Eldrid,620,319,EUR
2020-01-11,Rosene,Vittoria,621,914,USD
2020-12-25,Jordan,Stephie,622,273,EUR
2021-11-08,Amara,Waldron,623,972,USD
2021-10-21,Romona,Erskine,624,775,USD
2021-12-30,Lolita,Pierette,625,611,EUR
2021-12-24,Addia,Dunkin,626,586,EUR
2021-04-06,Addia,Eckblad,627,358,EUR
2021-07-04,Joceline,Hirsch,628,596,USD
2020-07-15,Siana,Ardra,629,987,EUR
2021-07-17,Melanie,Imelida,630,602,EUR
2021-03-15,Lynde,Heisel,631,599,USD
2021-09-14,Damaris,LaRue,632,174,EUR
2021-10-12,Bernie,Schwejda,633,593,EUR
2021-03-02,Codie,Chandler,634,253,EUR
2020-08-13,Fernande,Rhu,635,581,USD
2021-05-15,Renie,Zetta,636,753,USD
2020-09-22,Jsandye,Nahum,637,399,USD
2020-06-15,Maud,Velick,638,951,EUR
2021-06-29,Stephanie,Federica,639,675,EUR
2020-04-16,Lyssa,Strephon,640,288,USD
2020-10-29,Berta,Wattenberg,641,647,EUR
2020-01-15,Brena,Rodmann,642,213,USD
2021-07-03,Jaclyn,Goth,643,525,EUR
2021-10-02,Alameda,Thornburg,644,424,EUR
2020-07-26,Augustine,Kannry,645,172,EUR
2020-06-07,Florie,Brittani,646,526,EUR
2020-12-20,Dari,Bebe,647,547,USD
2020-10-30,Calla,Mehalek,648,517,USD
2021-01-10,Paulita,Earlie,649,297,EUR
2021-02-02,Gratia,Stanwood,650,653,EUR
2021-08-05,Meghann,Friede,651,846,USD
2020-08-16,Sidoney,Burkle,652,542,EUR
2020-03-19,Jean,Carolin,653,352,EUR
2021-03-13,Selma,Atcliffe,654,567,EUR
2020-02-21,Briney,Ferrell,655,243,EUR
2020-03-09,Blake,Adore,656,341,EUR
2020-03-09,Odessa,Craggie,657,772,EUR
2021-08-07,Drucie,Joni,658,108,USD
2021-02-14,Florie,Sisile,659,372,USD
2020-05-29,Carree,Skurnik,660,187,EUR
2021-08-27,Agnese,Rosette,661,917,USD
2021-04-01,Collen,Dorine,662,617,EUR
2021-07-03,Shirlee,Kronfeld,663,902,EUR
2020-02-07,Allis,Zachary,664,721,USD
2020-09-30,Robinia,Rosalba,665,866,EUR
2020-06-25,Juliane,Sandye,666,197,USD
2021-03-22,Maryellen,Lauraine,667,349,USD
2021-01-05,Karena,Chaing,668,828,EUR
2020-10-15,Nadine,Bluh,669,825,EUR
2020-06-25,Jaclyn,Hylan,670,960,EUR
2020-05-18,Kassey,Avi,671,267,USD
2021-02-06,Wanda,Byrne,672,837,USD
2021-05-06,Alisha,Hoban,673,441,EUR
2020-09-26,Bibby,Schlosser,674,625,USD
2021-04-17,Sean,Thad,675,867,USD
2021-09-21,Laure,Papageno,676,992,EUR
2020-03-19,Mallory,Franza,677,865,EUR
2020-05-24,Nickie,Eiser,678,573,EUR
2021-08-07,Johna,Shama,679,196,EUR
2021-11-03,Sonni,Muriel,680,586,EUR
2020-01-25,Lucille,Vacuva,681,153,EUR
2021-03-01,Corina,Leffen,682,835,EUR
2021-06-26,Adele,Crudden,683,172,USD
2021-08-20,Aryn,Buffum,684,580,EUR
2021-06-27,Modestia,Zenas,685,414,EUR
2021-10-14,Gavrielle,Frodi,686,981,EUR
2021-08-23,Lolita,Middleton,687,177,EUR
2020-12-18,Nollie,Honoria,688,738,EUR
2020-03-01,Dolli,Dichy,689,602,EUR
2020-09-06,Mariele,Stover,690,203,USD
2020-11-23,Nadine,Natalia,691,840,USD
2020-04-01,Natka,Ricki,692,186,EUR
2020-04-12,Marsiella,Dom,693,262,EUR
2020-07-17,Flo,Ochs,694,600,USD
2021-05-29,Alisha,Kamaria,695,965,EUR
2021-09-23,Katleen,Margarete,696,846,EUR
2020-01-22,Gabriellia,Gino,697,270,USD
2020-05-03,Eve,Schalles,698,598,EUR
2021-08-02,Ardys,Woodberry,699,152,USD
2020-02-28,Consuela,Goerke,700,237,EUR
2020-05-18,Gavrielle,Kirbee,701,521,USD
2020-02-13,Meg,Allys,702,972,USD
2020-10-10,Lanna,Remmer,703,149,EUR
2020-01-31,Jillayne,Old,704,353,USD
2020-04-05,Leontine,Milde,705,109,USD
2021-01-29,Vinita,Uird,706,193,USD
2020-07-18,Mireielle,Center,707,500,USD
2021-02-08,Doralynne,Terrence,708,301,EUR
2020-04-10,Kial,Khorma,709,200,USD
2020-07-08,Dominga,Ietta,710,738,USD
2020-05-13,Nollie,Fink,711,779,USD
2020-04-24,Jordan,Ackerley,712,251,EUR
2021-09-07,Gilligan,Sasnett,713,802,USD
2020-06-06,Nikki,Ferino,714,548,USD
2021-02-24,Joelly,Carolin,715,739,EUR
2020-09-20,Pearline,Rillings,716,631,EUR
2021-07-11,Myrtice,Burkle,717,801,USD
2021-03-09,Lucille,Janene,718,664,EUR
2021-08-01,Kirbee,Hashim,719,252,USD
2020-03-14,Corina,Felecia,720,498,EUR
2020-11-12,Oona,Brittani,721,240,USD
2020-03-23,Monika,Obed,722,770,EUR
2021-06-28,Lila,Alejoa,723,667,USD
2020-08-25,Averyl,Holbrook,724,932,USD
2021-01-04,Mureil,Annice,725,533,EUR
2020-02-26,Elyssa,Rona,726,694,USD
2020-05-03,Elise,Japeth,727,336,EUR
2020-01-03,Ann-Marie,Brittani,728,264,EUR
2020-01-21,Sashenka,Kravits,729,222,USD
2020-11-04,Susan,Rubie,730,720,USD
2020-11-08,Gisela,Hamil,731,301,USD
2021-08-27,Daryl,Ferino,732,545,USD
2020-07-05,Marline,Brandice,733,952,EUR
2020-08-20,Eugine,Garlinda,734,860,EUR
2020-10-05,Mellicent,Ader,735,992,EUR
2021-05-05,Liana,Romelda,736,702,EUR
2021-09-28,Phedra,Terencio,737,941,USD
2021-12-20,Kary,Earlie,738,371,EUR
2021-02-01,Arabel,Tacye,739,632,USD
2021-08-16,Jolyn,Helfand,740,292,USD
2021-05-16,Gale,Ursulette,741,543,EUR
2021-12-01,Sophia,Campball,742,289,EUR
2021-12-03,Marita,Boehike,743,376,USD
2021-05-06,Livvyy,Alisia,744,186,USD
2020-10-26,Thalia,Jacqui,745,124,EUR
2021-05-17,Celisse,Azeria,746,367,EUR
2021-09-28,Pollyanna,Hermes,747,325,EUR
2021-08-20,Sheree,Loleta,748,811,USD
2020-08-22,Lory,Lowry,749,373,EUR
2020-09-12,Gerrie,Elisha,750,200,USD
2020-01-30,Leeanne,Santoro,751,918,USD
2021-02-03,Bertine,Allare,752,223,USD
2021-08-13,Deloria,Wenda,753,141,USD
2021-09-23,Corene,Atcliffe,754,919,USD
2021-07-06,Dacia,Durante,755,580,EUR
2020-07-12,Starla,Bonilla,756,177,EUR
2021-10-24,Sarette,Heisel,757,294,EUR
2020-11-22,Florie,Marisa,758,980,USD
2020-05-01,Nariko,Bari,759,229,EUR
2021-02-05,Celestyna,Toffic,760,102,EUR
2021-02-14,Amelia,Tengdin,761,767,USD
2020-06-23,Corry,Septima,762,432,EUR
2021-10-09,Petronia,Emanuel,763,608,EUR
2020-11-09,Isa,Yate,764,927,USD
2020-03-05,Jordan,Ietta,765,880,EUR
2021-01-13,Jackie,Odell,766,957,USD
2020-05-23,Belinda,Pernick,767,778,EUR
2020-11-30,Steffane,Vins,768,291,EUR
2020-07-01,Amelia,Dowski,769,872,EUR
2021-03-23,Gabi,Rillings,770,595,EUR
2020-04-17,Beatriz,Bergman,771,441,USD
2020-11-18,Shaine,Natalia,772,245,USD
2021-08-25,Lizzie,Jehu,773,783,EUR
2021-06-05,Renae,Thomasina,774,173,USD
2021-03-23,Ivett,Leopold,775,163,USD
2020-10-28,Gavrielle,Vastah,776,789,EUR
2021-11-22,Caryl,Konyn,777,921,EUR
2021-06-12,Katuscha,Urania,778,499,EUR
2020-08-07,Carilyn,Rocray,779,587,EUR
2021-09-24,Alexine,Thilda,780,257,EUR
2020-05-18,Lesly,Moseley,781,353,EUR
2021-11-15,Joelly,Nore,782,898,EUR
2020-04-29,Cindelyn,Sandye,783,167,USD
2021-10-19,Ottilie,Brodench,784,209,USD
2021-03-16,Beatriz,Aaberg,785,835,EUR
2021-02-17,Lolita,Alwin,786,293,EUR
2020-02-16,Neila,Yusuk,787,388,EUR
2021-09-19,Marylou,Buttaro,788,275,USD
2020-02-13,Rori,Maxi,789,271,EUR
2020-11-21,Carmencita,Constancy,790,936,USD
2020-08-03,Julieta,Barrus,791,460,USD
2021-08-16,Sadie,Septima,792,763,EUR
2021-06-16,Emma,Marlie,793,198,EUR
2021-03-02,Tamqrah,Marijo,794,247,EUR
2021-04-25,Ursulina,Gregrory,795,823,EUR
2020-11-21,Johna,Afton,796,242,USD
2021-01-14,Codie,Ax,797,126,EUR
2021-01-24,Larine,Whiffen,798,787,EUR
2021-01-25,Livvyy,Hamil,799,851,USD
2020-09-13,Hannis,Philoo,800,122,USD
2021-05-16,Marylou,Bertold,801,121,EUR
2021-08-02,Doro,Nickola,802,791,USD
2020-03-06,Hettie,Ahab,803,657,EUR
2021-06-22,Luci,Shields,804,367,EUR
2020-05-05,Demetris,Germann,805,116,EUR
2021-11-23,Gerrie,Brittani,806,250,EUR
2020-11-08,Doralynne,Charity,807,684,USD
2021-10-26,Queenie,Madaih,808,365,EUR
2020-08-30,Cyb,Aurelio,809,588,EUR
2020-02-15,Morganica,Cimbura,810,112,EUR
2020-12-13,Hayley,Yorick,811,651,EUR
2020-03-08,Jorry,Anselmi,812,163,EUR
2021-07-16,Barbara,Fancie,813,498,EUR
2020-04-05,Leona,Milde,814,115,EUR
2021-06-21,Edith,Joachim,815,396,EUR
2020-03-09,Raina,Drus,816,826,EUR
2020-09-29,Giustina,Martsen,817,574,USD
2020-12-24,Almeta,Vilma,818,494,USD
2021-08-30,Lesly,Croix,819,681,USD
2021-07-02,Georgetta,Ralfston,820,769,USD
2021-10-31,Mariann,Romelda,821,741,USD
2021-11-11,Bertine,Couture,822,160,USD
2021-09-01,Clary,Kravits,823,336,EUR
2020-12-05,Kirstin,Dominy,824,480,USD
2020-04-04,Perry,Kannry,825,525,EUR
2020-07-21,Yolane,Lunsford,826,975,USD
2021-04-25,Veda,Louanna,827,979,USD
2021-02-07,Paola,Johanna,828,557,USD
2020-11-22,Meg,Yam,829,159,EUR
2020-07-13,Dennie,Leary,830,416,EUR
2020-03-31,Chrystel,Fax,831,569,EUR
2020-10-22,Sashenka,Kaete,832,596,USD
2020-06-12,Ursulina,Obed,833,108,EUR
2020-01-28,Nicoli,Couture,834,459,USD
2021-11-03,Viki,Boycey,835,481,EUR
2020-07-07,Andree,Ralfston,836,671,EUR
2020-02-09,Danika,Lucienne,837,783,EUR
2020-05-09,Lonnie,Modie,838,801,EUR
2020-10-21,Christy,Gombach,839,122,USD
2020-08-17,Correy,Gert,840,542,USD
2021-02-24,Cyndie,Sinegold,841,345,USD
2020-08-27,Moyna,Gaynor,842,402,USD
2020-03-05,Tina,Lareena,843,148,EUR
2020-01-29,Marita,Janith,844,923,EUR
2020-07-08,Fernande,Cleavland,845,808,EUR
2020-09-28,Pamella,Sothena,846,390,USD
2020-02-16,Lily,Giule,847,409,EUR
2020-06-10,Genevra,Gahl,848,478,EUR
2020-02-12,Briney,Swigart,849,340,EUR
2020-08-25,Karina,Magnolia,850,594,EUR
2020-08-09,Lyssa,Gregrory,851,181,USD
2020-03-11,Gabi,Ellerey,852,130,EUR
2020-10-11,Bernie,Elephus,853,531,USD
2021-04-26,Tami,Brittani,854,693,EUR
2021-10-18,Rayna,Chesna,855,926,EUR
2020-04-17,Cathyleen,Ethban,856,1000,EUR
2020-06-27,Maridel,Freddi,857,970,USD
2021-10-14,Molli,Loeb,858,644,USD
2021-06-07,Tabbatha,Mintz,859,579,USD
2020-12-15,Kial,Saint,860,685,EUR
2021-11-23,Deirdre,Junie,861,383,USD
2020-10-15,Jackie,Felizio,862,808,EUR
2020-08-10,Mariele,Forrer,863,106,USD
2021-09-12,Joy,Loeb,864,659,USD
2020-07-19,Ada,Lumbard,865,764,EUR
2020-03-11,Celisse,Girardo,866,347,USD
2021-08-08,Jsandye,Pelagias,867,657,USD
2020-11-18,Mahalia,Christal,868,770,USD
2020-04-12,Mireielle,Laurianne,869,936,EUR
2021-09-18,Madeleine,Tamsky,870,274,EUR
2021-06-05,Tami,Ackerley,871,703,USD
2020-04-04,June,Lea,872,270,USD
2021-08-19,Emelina,Colp,873,311,EUR
2021-11-29,Eugine,Morehouse,874,950,USD
2021-04-17,Hettie,Rad,875,144,USD
2020-03-13,Sindee,Vacuva,876,153,EUR
2021-12-16,Sibella,Seagraves,877,255,USD
2021-10-20,Britte,Mullane,878,336,USD
2021-09-10,Farrah,Cimbura,879,759,EUR
2021-06-12,Roxane,Monaco,880,507,EUR
2020-04-12,Merry,Hebner,881,632,USD
2020-12-12,Sheelagh,Bettine,882,814,EUR
2021-08-04,Lanae,Annice,883,345,USD
2021-08-03,Candy,Edison,884,761,EUR
2021-11-18,Violet,Dannye,885,725,USD
2021-04-07,Berget,Federica,886,854,USD
2021-12-28,Frances,Screens,887,901,USD
2021-07-05,Gertrud,Margarete,888,920,EUR
2020-02-21,Maye,Philoo,889,430,EUR
2021-06-21,Joane,Wareing,890,853,EUR
2020-11-14,Robbi,Leonard,891,714,USD
2020-07-01,Goldie,Yuille,892,747,EUR
2020-05-15,Millie,Carlson,893,753,USD
2020-04-26,Danny,Aldric,894,600,EUR
2021-08-04,Chastity,Ethban,895,318,USD
2020-12-05,Fred,Vanni,896,469,EUR
2020-07-15,Lila,Jillane,897,493,USD
2021-02-28,Wilma,Sigfrid,898,914,USD
2020-12-03,Valli,Ventre,899,584,USD
2020-06-02,Ulrike,Clara,900,689,EUR
2020-06-07,Ada,Bebe,901,523,USD
2021-09-23,Claresta,Gemini,902,955,USD
2021-11-03,Glynnis,Kaja,903,816,USD
2021-06-19,Kaia,Afton,904,206,EUR
2021-10-29,Gwenneth,Jethro,905,597,USD
2021-05-11,Aimil,Idelia,906,314,EUR
2021-01-31,Emylee,Palocz,907,961,USD
2021-01-27,Elena,Gunn,908,662,EUR
2021-02-02,Ashlee,Calhoun,909,325,USD
2020-02-02,Albertina,Berl,910,978,EUR
2021-05-17,Layla,Sasnett,911,908,EUR
2021-02-07,Pierette,Tiffa,912,869,USD
2020-10-01,Jillayne,Tannie,913,805,USD
2021-07-03,Nessie,Parette,914,111,USD
2021-04-27,Ilse,Merna,915,634,EUR
2021-06-06,Elena,Anselmi,916,754,EUR
2020-06-14,Helsa,Afton,917,784,EUR
2021-09-20,Wilma,Grimbly,918,718,EUR
2020-02-15,Christal,Leler,919,829,USD
2020-09-23,Allis,Uird,920,321,EUR
2020-07-31,Briney,Tacye,921,535,USD
2021-11-28,Pamella,Concha,922,234,USD
2021-12-14,Lorne,Leifeste,923,233,EUR
2021-04-23,Flo,Stuart,924,140,USD
2020-09-21,Elise,Dunkin,925,551,EUR
2020-10-31,Asia,Eugenia,926,360,EUR
2020-09-28,Imojean,Linskey,927,128,USD
2021-08-12,Devina,Chapland,928,553,EUR
2020-09-21,Wilma,Longfellow,929,477,EUR
2021-06-29,Hildegaard,Gerge,930,536,EUR
2021-04-11,Regina,Wattenberg,931,710,EUR
2021-02-11,Nariko,Weide,932,133,EUR
2020-11-15,Sabina,Edvard,933,535,USD
2020-10-30,Ketti,Iiette,934,139,USD
2021-09-22,Larine,Tremayne,935,516,EUR
2020-09-20,Charlena,Reneta,936,552,EUR
2020-04-15,Sheree,Dreda,937,256,USD
2020-03-05,Tersina,Warthman,938,819,USD
2020-11-27,Stacey,Stefa,939,521,EUR
2020-07-19,Caritta,Hermes,940,951,USD
2021-06-09,Arlena,Briney,941,970,USD
2020-05-31,Maye,O'Neill,942,251,USD
2021-08-24,Henriette,Liebermann,943,633,EUR
2021-02-26,Myrtice,Dom,944,206,USD
2020-09-20,Tani,Dom,945,688,USD
2021-11-20,Corina,Aprile,946,973,USD
2020-12-14,Angelique,Kermit,947,638,USD
2020-03-05,Britni,Yate,948,516,USD
2020-06-17,Sabina,Thomasina,949,245,EUR
2021-02-01,Gertrud,Yate,950,761,USD
2020-07-09,Mureil,Zola,951,630,EUR
2021-10-07,Patricia,Corabella,952,649,USD
2020-05-31,Trudie,Garlinda,953,504,EUR
2020-08-26,Penelopa,Janith,954,909,USD
2021-04-04,Vita,Armanda,955,870,EUR
2020-12-08,Dode,Regan,956,863,USD
2021-12-24,Sharai,Suzetta,957,120,EUR
2020-12-10,Asia,Kat,958,221,USD
2020-10-14,Cyndie,Sabella,959,336,USD
2021-07-01,Chastity,Sperling,960,177,EUR
2021-10-12,Kathi,Horan,961,921,USD
2021-06-19,Mady,Katrine,962,444,EUR
2020-02-28,Christian,Killigrew,963,419,USD
2021-03-07,Lucille,Gino,964,999,EUR
2021-10-06,Violet,Blisse,965,162,USD
2020-12-30,Jessamyn,Yoko,966,642,EUR
2020-03-31,Angelique,Skurnik,967,228,EUR
2020-10-25,Celisse,Jaylene,968,286,USD
2021-09-30,Frank,Abram,969,182,USD
2020-01-17,Pearline,Jaylene,970,522,EUR
2020-05-28,Lonnie,Skell,971,209,USD
2020-11-29,Lynde,Kathie,972,666,USD
2020-05-19,Nannie,Hartnett,973,345,USD
2021-03-18,Juliane,Pelagias,974,947,USD
2021-04-04,Elie,Juan,975,829,EUR
2020-01-01,Brandise,Cullin,976,300,USD
2020-07-12,Claudina,Cleo,977,798,USD
2021-01-22,Claresta,Marisa,978,655,EUR
2021-07-13,Ardenia,Rosalba,979,927,USD
2021-12-09,Basia,Donoghue,980,345,EUR
2021-01-29,Paule,Bach,981,456,EUR
2020-04-29,Therine,Ambrosia,982,653,EUR
2020-05-22,Corina,Libna,983,126,USD
2020-08-26,Annabela,Gilmour,984,132,EUR
2020-05-22,Bill,Ricarda,985,197,USD
2021-07-03,Anallese,Dituri,986,753,USD
2020-12-20,Brena,Scammon,987,870,USD
2021-01-12,Eadie,Morrill,988,762,USD
2020-10-07,Adriana,Septima,989,234,EUR
2021-02-04,Christal,Israeli,990,630,EUR
2021-12-09,Gavrielle,Naashom,991,772,EUR
2020-01-20,Carol-Jean,Nester,992,361,EUR
2021-04-20,Tybie,Khorma,993,490,EUR
2020-06-26,Barbara,Gemini,994,105,USD
2021-02-05,Priscilla,Jagir,995,733,EUR
2021-04-08,Yetty,Whiffen,996,695,EUR
2021-07-20,Bee,Dowski,997,791,EUR
2021-03-20,Belinda,Candy,998,359,EUR
2021-01-29,Roz,Larochelle,999,106,EUR
2020-03-22,Modestia,Old,1000,666,EUR